idx,enriched,source_dataset,funder_institution,program_name,program_family,eligible_actor,instrument_type,amount_clp,amount_note,gpc_sectors,specificity,climate_relevance_norm,status,recurrence,open_date,close_date,access_pathway,detail_level,status_as_of,source_url,notes,fetch_status,enr_amount,enr_eligible_actor,enr_objetivo,enr_status,enr_dates,enr_geography,enr_funder,enr_other,doc_count,doc_links
0,yes,cl-mma,Ministerio del Medio Ambiente (MMA),FPA 2026 - Proyectos Sustentables Ciudadanos,FPA Ciudadanos,community/citizen org,grant,6000000.0,,"[""cross_sector"", ""waste"", ""stationary_energy"", ""afolu"", ""water""]",sector-specific,explicit,closed,annual,2025-08-26,2025-10-07,direct application (via fondos.gob.cl),detailed,2026-06-08,https://fondos.mma.gob.cl/fpa-2026-proyectos-sustentables-ciudadanos/,FPA,ok (from deep-sample; see research/ Bases walkthrough),"$6,000,000 CLP fixed grant per project","non-profit legal persons (juntas de vecinos, comunidades agrícolas, ONG/fundaciones/corporaciones). EXPLICITLY NOT municipal corporations / associations of municipalities, universities, CONADI indigenous communities.",Citizen initiatives for environmental protection/education/community action.,,"open 2025-08-26, close 2025-10-07; recurrence annual (~Aug-Oct)",,Ministerio del Medio Ambiente (MMA) — FPA,thematic_lines: Ecotecnias Hídricas; Cambio Climático y Descontaminación; Economía Circular y Residuos; Biodiversidad; Eficiencia Energética y ERNC | geography_bonus: SCAM/SIAAM comunas; CITSEJ sacrifice zones; Rapa Nui; Temuco/Padre Las Casas PDA; SUBDERE Zonas en Desarrollo | evaluation: 0.0-3.0 scale; preselection threshold >=2.25 (rubric in Anexo 6),6,Bases Especiales FPA 2026 Ciudadanos -> https://fondos.mma.gob.cl/wp-content/uploads/2025/08/Bases-Especiales-Proyectos-Sustentables-Ciudadanos-FPA_2026.pdf ;; Resolución Exenta 5796 (aprueba Bases) -> https://fondos.mma.gob.cl/wp-content/uploads/2025/08/Resolucion-Exenta-5796-Aprueba-Bases-FPA-2026-Proyectos-Sustentables-Ciudadanos.pdf ;; Manual de Funcionamiento Organismos Beneficiarios -> https://fondos.mma.gob.cl/wp-content/uploads/2025/08/Manual-de-Funcionamiento-Organismos-Beneficiarios-FPA_2026.pdf ;; Anexo 06 - Pauta de Evaluación (scoring rubric) -> https://fondos.mma.gob.cl/wp-content/uploads/2025/08/Anexo-06-Pauta-de-Evaluacion-FPA-2026-PSC.pdf ;; Publicación de Resultados FPA 2026 -> https://fondos.mma.gob.cl/wp-content/uploads/2026/01/Publicacion-de-Resultados-FPA-2026-VF-2-1.pdf ;; Resolución 318 - Selecciona y Adjudica (awarded list) -> https://fondos.mma.gob.cl/wp-content/uploads/2026/01/Res-318-Selecciona-y-Adjudica-FPA-2026-PSC.pdf
1,yes,cl-mma,Ministerio del Medio Ambiente (MMA),FPA 2026 - Proyectos Sustentables en Establecimientos Educacionales,FPA Educacionales,community/citizen org,grant,6000000.0,,"[""cross_sector"", ""waste"", ""stationary_energy"", ""afolu"", ""water""]",sector-specific,explicit,closed,annual,2025-08-26,2025-10-07,direct application (via fondos.gob.cl),detailed,2026-06-08,https://fondos.mma.gob.cl/fpa-2026-proyectos-sustentables-en-establecimientos-educacionales/,FPA,ok,"$6,000,000 CLP",Centros de Padres y Apoderados (non-profit legal personality) of parvularia/básica/media schools — NOT municipalities,,,"open 2025-08-26, close 2025-10-07; annual",,MMA — FPA,thematic_lines: Hídricas; Cambio Climático; Economía Circular/Residuos; Biodiversidad; Eficiencia Energética/ERNC,4,Bases Especiales FPA 2026 Educacionales -> https://fondos.mma.gob.cl/wp-content/uploads/2025/08/Bases-Especiales-Proyectos-Sustentables-en-Establecimientos-Educacionales-FPA_2026.pdf ;; Anexo 06 - Pauta de Evaluación PSEE -> https://fondos.mma.gob.cl/wp-content/uploads/2025/08/Anexo-06-Pauta-de-Evaluacion-FPA-2026-PSEE.pdf ;; Res. Ex. 5797 (aprueba Bases) -> https://fondos.mma.gob.cl/wp-content/uploads/2025/08/Resolucion-Exenta-5797-Aprueba-Bases-FPA-2026-Proyectos-Sustentables-Establecimientos-Educacionales.pdf ;; Res. Ex. 317 - Selecciona y Adjudica -> https://fondos.mma.gob.cl/wp-content/uploads/2026/01/Res-Ex-317-Selecciona-y-Adjudica-FPA-2026-PSEE.pdf
2,yes,cl-mma,Ministerio del Medio Ambiente (MMA),FPA 2026 - Proyectos Sustentables para Pueblos Indígenas,FPA Pueblos Indígenas,indigenous community,grant,6000000.0,,"[""cross_sector"", ""waste"", ""stationary_energy"", ""afolu"", ""water""]",sector-specific,explicit,closed,annual,2025-08-26,2025-10-07,direct application (via fondos.gob.cl),detailed,2026-06-08,https://fondos.mma.gob.cl/fpa-2026-proyectos-sustentables-para-pueblos-indigenas/,FPA,ok,"$6,000,000 CLP",Comunidades o Asociaciones Indígenas registered with CONADI,,,"open 2025-08-26, close 2025-10-07; annual",,MMA — FPA,,4,Bases Especiales FPA 2026 Pueblos Indígenas -> https://fondos.mma.gob.cl/wp-content/uploads/2025/08/Bases_Especiales_Proyectos_Sustentables_para_Pueblos_Indigenas-FPA_2026.pdf ;; Anexo 06 - Pauta de Evaluación PSPI -> https://fondos.mma.gob.cl/wp-content/uploads/2025/08/Anexo-06-Pauta-de-Evaluacion_FPA_2026-PSPI.pdf ;; Res. Ex. 5798 (aprueba Bases) -> https://fondos.mma.gob.cl/wp-content/uploads/2025/08/Resolucion-Exenta-5798-Aprueba-Bases-FPA-2026-Proyectos-Sustentables-Pueblos-Indigenas.pdf ;; Res. Ex. 316 - Selecciona y Adjudica -> https://fondos.mma.gob.cl/wp-content/uploads/2026/01/Res-316-Selecciona-y-Adjudica-FPA-2026-PSPI.pdf
3,yes,cl-mma,Ministerio del Medio Ambiente (MMA),FPA Extraordinario Rapa Nui 2026,FPA Rapa Nui,indigenous community,grant,100000000.0,amount_suspect (source typo),"[""afolu""]",sector-specific,explicit,closed,sporadic,2025-10-02,2025-10-24,direct application (via fondos.gob.cl),detailed,2026-06-08,https://fondos.mma.gob.cl/fpa-2026-rapanui/,FPA,ok,"~$10,000,000 CLP (page prints '$10.000.0000' — typo flagged amount_suspect in source review)",Comunidades o Asociaciones Indígenas (CONADI),Protect/conserve Rapa Nui marine environment & biodiversity with traditional practices.,,"open 2025-10-02, close 2025-10-24; one-off",Rapa Nui only,MMA — FPA (extraordinario),,4,Bases Concurso Extraordinario Rapa Nui 2026 -> https://fondos.mma.gob.cl/wp-content/uploads/2025/10/Bases-Concurso-Extraordinario-Rapa-Nui-2026_f.pdf ;; Anexo 1 - Pauta de Evaluación -> https://fondos.mma.gob.cl/wp-content/uploads/2025/10/Anexo-01-Pauta-de-Evaluacion-FPA-Extraordinario-RAPA-NUI-2026.pdf ;; Res. Ex. 6732/2025 (aprueba Bases) -> https://fondos.mma.gob.cl/wp-content/uploads/2025/10/RES-6732-Aprueba-Bases-Especiales-Concurso-Extraordinario-Rapa-Nui-2026.pdf ;; Res. Ex. 07981/2025 - Adjudica (awarded list) -> https://fondos.mma.gob.cl/wp-content/uploads/2025/11/Resolucion-Exenta-079812025-Adjudica-Proyectos-Concurso-Rapa-Nui-2026.pdf
4,yes,cl-mma,Ministerio del Medio Ambiente (MMA),FPA 2025 - Alto del Carmen: Ecosistemas Altoandinos – Humedales y Criósfera,FPA Alto del Carmen,research/university + ngo,grant,70000000.0,,"[""afolu""]",sector-specific,explicit,closed,one-off,2025-08-05,2025-09-17,direct application (via fondos.gob.cl),detailed,2026-06-08,https://fondos.mma.gob.cl/altodelcarmen-hidrico-2025/,FPA,ok,"$70,000,000 CLP (single total)",Fundaciones/Corporaciones/ONG; public/private universities; research centres,Knowledge + valorisation of high-Andean wetlands and cryosphere.,,"open 2025-08-05, close 2025-09-17; one-off","Comuna Alto del Carmen, Región de Atacama",MMA — FPA (territorial),,3,Bases Concurso FPA Ecosistemas Altoandinos Humedales -> https://fondos.mma.gob.cl/wp-content/uploads/2025/08/Bases_Concurso_FPA_Puesta_en_valor_de_los_Ecosistemas_Altoandinos_Humedales.pdf ;; Res. Ex. 5164/2025 (aprueba Bases) -> https://fondos.mma.gob.cl/wp-content/uploads/2025/08/Resolucion_Ex_No5164-2025_Aprueba_Bases_Concurso_FPA_Puesta_en_valor_de_los_Ecosistemas_Altoandinos_Humedales_y_Criosfera.pdf ;; Res. Ex. 223/2025 - Adjudica (awarded list) -> https://fondos.mma.gob.cl/wp-content/uploads/2026/01/Resolucion-Exenta-N°223-2025-Adjudica-FPA-Alto-del-Carmen_Hidro.pdf
5,yes,cl-mma,Ministerio del Medio Ambiente (MMA),FPA 2025 - Alto del Carmen: Ecosistemas Altoandinos – Biodiversidad,FPA Alto del Carmen,research/university + ngo,grant,60000000.0,,"[""afolu""]",sector-specific,explicit,closed,one-off,2025-08-05,2025-09-17,direct application (via fondos.gob.cl),detailed,2026-06-08,https://fondos.mma.gob.cl/altodelcarmen-biodiversidad-2025/,FPA,ok,"$60,000,000 CLP (single total)",Fundaciones/Corporaciones/ONG; public/private universities; research centres,Knowledge of high-Andean biodiversity for territorial valorisation/conservation.,,"open 2025-08-05, close 2025-09-17; one-off","Comuna Alto del Carmen, Región de Atacama",MMA — FPA (territorial),,3,Bases Concurso FPA Ecosistemas Altoandinos Biodiversidad -> https://fondos.mma.gob.cl/wp-content/uploads/2025/08/Bases_Concurso_FPA_Puesta_en_valor_de_los_Ecosistemas_Altoandinos_Biodiversidad.pdf ;; Res. Ex. 5165/2025 (aprueba Bases) -> https://fondos.mma.gob.cl/wp-content/uploads/2025/08/Resolucion_Ex_No5165-2025_Aprueba_Bases_Concurso_FPA_Puesta_en_valor_de_los_Ecosistemas_Altoandinos_Biodiversidad.pdf ;; Res. Ex. 224/2025 - Adjudica (awarded list) -> https://fondos.mma.gob.cl/wp-content/uploads/2026/01/Resolucion-Exenta-N°224-2025-Adjudica-FPA-Alto-del-Carmen_Bio.pdf
6,yes,cl-mma,Ministerio del Medio Ambiente (MMA),FPR 2026 - Fondo para el Reciclaje,FPR Reciclaje,municipality,grant,14000000.0,,"[""waste""]",sector-specific,explicit,closed,annual,2025-09-24,2025-10-30,direct application (via fondos.gob.cl),detailed,2026-06-08,https://fondos.mma.gob.cl/fpr-2026-fondo-para-el-reciclaje/,FPR,ok,"$14,000,000 CLP per project",Municipalities OR Associations of Municipalities (one application each),"Reduce organic/inorganic waste; integral waste management via citizen awareness, municipal + base-recycler technical capacity, prevention/separation/reuse/recycling.",REVOKED — Res. Ex. 548/2026 left the 12th FPR 2026 call without effect; results actas published,"open 2025-09-24, close 2025-11-07",,Ministerio del Medio Ambiente (MMA) — FPR (Ley 20.920 REP),,6,Bases Especiales FPR 2026 -> https://fondos.mma.gob.cl/wp-content/uploads/2025/09/Bases_Fondo_para_el_Reciclaje_2026.pdf ;; Anexo 5 - Pauta de Evaluación -> https://fondos.mma.gob.cl/wp-content/uploads/2025/09/Anexo-5-Pauta-de-Evaluacion.docx.pdf ;; Manual de Ejecución FPR 2026 -> https://fondos.mma.gob.cl/wp-content/uploads/2025/09/Manual_de_Ejecucion_de_Proyectos_FPR_2026.pdf ;; Res. Ex. 6534/2025 (aprueba Bases) -> https://fondos.mma.gob.cl/wp-content/uploads/2025/09/RES.-EX.-N°-6534-2025_APRUEBA-BASES-ESPECIALES-DEL-FPR-ANO-2026-.pdf ;; Res. Ex. 548/2026 (revoca convocatoria) -> https://fondos.mma.gob.cl/wp-content/uploads/2026/01/ResEx-548_2026-que-revoca-ResEx-6534_2025-que-aprueba-FPR-2026.pdf ;; Actas de Admisibilidad FPR 2026 (rectificadas) -> https://fondos.mma.gob.cl/wp-content/uploads/2026/01/Consolidado-Nacional-Actas-Admisibilidad-FPR-2026-_-con-Actas.pdf
7,no,cl-mma,Ministerio del Medio Ambiente (MMA),FPA 2025 – TSEJ comuna de Tocopilla,FPA TSEJ (zonas),unspecified,grant,,,"[""cross_sector""]",sector-specific,explicit,closed,one-off,2025-07-01,,direct application (via fondos.gob.cl),index,2026-06-08,https://fondos.mma.gob.cl/fpa-tsej-2025-tocopilla/,FPA,,,,,,,,,,0,
8,no,cl-mma,Ministerio del Medio Ambiente (MMA),FPA 2025 – TSEJ comuna de Mejillones,FPA TSEJ (zonas),unspecified,grant,,,"[""cross_sector""]",sector-specific,explicit,closed,one-off,2025-07-01,,direct application (via fondos.gob.cl),index,2026-06-08,https://fondos.mma.gob.cl/fpa-tsej-2025-mejillones/,FPA,,,,,,,,,,0,
9,no,cl-mma,Ministerio del Medio Ambiente (MMA),FPA 2025 – Conservando y protegiendo la fauna silvestre (Centros de Rehabilitación o Rescate),FPA Fauna/biodiv especial,unspecified,grant,,,"[""afolu""]",sector-specific,explicit,closed,one-off,2025-05-08,,direct application (via fondos.gob.cl),index,2026-06-08,https://fondos.mma.gob.cl/fpa-2025-conservando-fauna-silvestre-crr/,FPA,,,,,,,,,,0,
10,no,cl-mma,Ministerio del Medio Ambiente (MMA),FPA 2024 – Conservación del Pudú en la provincia de Chiloé,FPA Fauna/biodiv especial,unspecified,grant,,,"[""afolu""]",sector-specific,explicit,closed,one-off,2024-08-28,,direct application (via fondos.gob.cl),index,2026-06-08,https://fondos.mma.gob.cl/fpa-2024-pudu-conservacion/,FPA,,,,,,,,,,0,
11,no,cl-mma,Ministerio del Medio Ambiente (MMA),"FPA 2024 – Iniciativas Ciudadanas TSEJ, comuna de Huasco",FPA TSEJ (zonas),unspecified,grant,,,"[""cross_sector""]",sector-specific,explicit,closed,one-off,2024-06-19,,direct application (via fondos.gob.cl),index,2026-06-08,https://fondos.mma.gob.cl/fpa-2024-tsej-h/,FPA,,,,,,,,,,0,
12,no,cl-mma,Ministerio del Medio Ambiente (MMA),"FPA 2024 – Iniciativas Ciudadanas TSEJ, Concón, Quintero y Puchuncaví",FPA TSEJ (zonas),unspecified,grant,,,"[""cross_sector""]",sector-specific,explicit,closed,one-off,2024-06-19,,direct application (via fondos.gob.cl),index,2026-06-08,https://fondos.mma.gob.cl/fpa-2024-tsej-qpc/,FPA,,,,,,,,,,0,
13,no,cl-mma,Ministerio del Medio Ambiente (MMA),"FPA 2024 – Iniciativas Ciudadanas TSEJ, comuna de Coronel",FPA TSEJ (zonas),unspecified,grant,,,"[""cross_sector""]",sector-specific,explicit,closed,one-off,2024-06-19,,direct application (via fondos.gob.cl),index,2026-06-08,https://fondos.mma.gob.cl/fpa-2024-tsej-c/,FPA,,,,,,,,,,0,
14,no,cl-mma,Ministerio del Medio Ambiente (MMA),FPA 2024 – Fortalecimiento de Centros de Rehabilitación o Rescate de Fauna Silvestre,FPA Fauna/biodiv especial,unspecified,grant,,,"[""afolu""]",sector-specific,explicit,closed,one-off,2023-12-01,,direct application (via fondos.gob.cl),index,2026-06-08,https://fondos.mma.gob.cl/fpa-2024-fortalecimiento-centros-rehabilitacion-rescate/,FPA,,,,,,,,,,0,
15,no,cl-mma,Ministerio del Medio Ambiente (MMA),FPA 2024 – Educación Ambiental para la Prevención de Incendios Forestales y Protección de la Biodiversidad,FPA Fauna/biodiv especial,unspecified,grant,,,"[""afolu""]",sector-specific,explicit,closed,one-off,2023-12-01,,direct application (via fondos.gob.cl),index,2026-06-08,https://fondos.mma.gob.cl/fpa-2024-prevencion-incendios-forestales/,FPA,,,,,,,,,,0,
16,no,cl-mma,Ministerio del Medio Ambiente (MMA),FPA 2024 – Fortalecimiento para recicladores de base,FPR Reciclaje,unspecified,grant,,,"[""waste""]",sector-specific,explicit,closed,annual,2023-10-19,,direct application (via fondos.gob.cl),index,2026-06-08,https://fondos.mma.gob.cl/fpa-2024-fortalecimiento-para-recicladores-de-base/,FPA,,,,,,,,,,0,
17,no,cl-mma,Ministerio del Medio Ambiente (MMA),FPA 2024 – Programa Modelo para la Formación de Líderes Ambientales Comunitarios,FPA Otros tematicos,unspecified,grant,,,"[""cross_sector""]",sector-specific,explicit,closed,sporadic,2023-10-06,,direct application (via fondos.gob.cl),index,2026-06-08,https://fondos.mma.gob.cl/fpa-2024-lideres-ambientales-comunitarios/,FPA,,,,,,,,,,0,
18,no,cl-mma,Ministerio del Medio Ambiente (MMA),FPA 2024 – Chiloé Reduce en tu Establecimiento Educacional,FPA Educacionales,unspecified,grant,,,"[""cross_sector""]",sector-specific,explicit,closed,annual,2023-09-27,,direct application (via fondos.gob.cl),index,2026-06-08,https://fondos.mma.gob.cl/fpa-2024-chiloe-reduce-en-tu-establecimiento-educacional/,FPA,,,,,,,,,,0,
19,no,cl-mma,Ministerio del Medio Ambiente (MMA),FPA 2023 – Concurso EcoDesafíos,FPA Otros tematicos,unspecified,grant,,,"[""cross_sector""]",sector-specific,explicit,closed,sporadic,2023-03-14,,direct application (via fondos.gob.cl),index,2026-06-08,https://fondos.mma.gob.cl/fpa-2023-concurso-eco-desafios/,FPA,,,,,,,,,,0,
20,no,cl-mma,Ministerio del Medio Ambiente (MMA),FPA 2023 – Emprendimientos Circulares para Comunidades Chilotas,FPA Otros tematicos,unspecified,grant,,,"[""cross_sector""]",sector-specific,explicit,closed,sporadic,2023-03-07,,direct application (via fondos.gob.cl),index,2026-06-08,https://fondos.mma.gob.cl/fpa-2023-emprendimientos-circulares-para-comunidades-chilotas/,FPA,,,,,,,,,,0,
21,no,cl-mma,Ministerio del Medio Ambiente (MMA),FPA 2023 – Proyectos Sustentables para Pueblos Indígenas,FPA Pueblos Indígenas,indigenous community,grant,,,"[""cross_sector""]",sector-specific,explicit,closed,annual,2022-08-23,,direct application (via fondos.gob.cl),index,2026-06-08,https://fondos.mma.gob.cl/fpa-2023-proyectos-sustentables-para-pueblos-indigenas/,FPA,,,,,,,,,,0,
22,no,cl-mma,Ministerio del Medio Ambiente (MMA),FPA 2023 – Proyectos Sustentables en Establecimientos Educacionales,FPA Educacionales,unspecified,grant,,,"[""cross_sector""]",sector-specific,explicit,closed,annual,2022-08-23,,direct application (via fondos.gob.cl),index,2026-06-08,https://fondos.mma.gob.cl/fpa-2023-proyectos-sustentables-en-establecimientos-educacionales/,FPA,,,,,,,,,,0,
23,no,cl-mma,Ministerio del Medio Ambiente (MMA),FPA 2023 – Proyectos Sustentables Ciudadanos,FPA Ciudadanos,unspecified,grant,,,"[""cross_sector""]",sector-specific,explicit,closed,annual,2022-08-23,,direct application (via fondos.gob.cl),index,2026-06-08,https://fondos.mma.gob.cl/fpa-2023-proyectos-sustentables-ciudadanos/,FPA,,,,,,,,,,0,
24,no,cl-mma,Ministerio del Medio Ambiente (MMA),FPA 2022 – Emprendimientos Verdes para Comunidades Indígenas,FPA Pueblos Indígenas,indigenous community,grant,,,"[""cross_sector""]",sector-specific,explicit,closed,annual,2021-09-28,,direct application (via fondos.gob.cl),index,2026-06-08,https://fondos.mma.gob.cl/emprendimientos-verdes-para-comunidades-indigenas/,FPA,,,,,,,,,,0,
25,no,cl-mma,Ministerio del Medio Ambiente (MMA),FPA 2022 – Rapa Nui Sustentable,FPA Rapa Nui,unspecified,grant,,,"[""cross_sector""]",sector-specific,explicit,closed,sporadic,2021-09-07,,direct application (via fondos.gob.cl),index,2026-06-08,https://fondos.mma.gob.cl/fpa-2022-rapa-nui-sustentable/,FPA,,,,,,,,,,0,
26,no,cl-mma,Ministerio del Medio Ambiente (MMA),FPA 2022 – Áreas Verdes Comunitarias,FPA Areas verdes/Humedales,community/citizen org,grant,,,"[""cross_sector""]",sector-specific,explicit,closed,sporadic,2021-08-15,,direct application (via fondos.gob.cl),index,2026-06-08,https://fondos.mma.gob.cl/areas-verdes-comunitarias/,FPA,,,,,,,,,,0,
27,no,cl-mma,Ministerio del Medio Ambiente (MMA),FPA 2022 – Conservación de Humedales Urbanos,FPA Areas verdes/Humedales,unspecified,grant,,,"[""afolu""]",sector-specific,explicit,closed,sporadic,2021-08-05,,direct application (via fondos.gob.cl),index,2026-06-08,https://fondos.mma.gob.cl/conservacion-de-humedales-urbanos/,FPA,,,,,,,,,,0,
28,no,cl-mma,Ministerio del Medio Ambiente (MMA),FPA 2022 – Iniciativas Sustentables para Fundaciones y Corporaciones,FPA Fundaciones/Corp,community/citizen org,grant,,,"[""cross_sector""]",sector-specific,explicit,closed,sporadic,2021-08-05,,direct application (via fondos.gob.cl),index,2026-06-08,https://fondos.mma.gob.cl/iniciativas-sustentables-para-fundaciones-y-corporaciones/,FPA,,,,,,,,,,0,
29,no,cl-mma,Ministerio del Medio Ambiente (MMA),FPA 2022 – Iniciativas Sustentables para Pueblos Indígenas,FPA Pueblos Indígenas,indigenous community,grant,,,"[""cross_sector""]",sector-specific,explicit,closed,annual,2021-08-05,,direct application (via fondos.gob.cl),index,2026-06-08,https://fondos.mma.gob.cl/iniciativas-sustentables-para-pueblos-indigenas/,FPA,,,,,,,,,,0,
30,no,cl-mma,Ministerio del Medio Ambiente (MMA),FPA 2022 – Iniciativas Sustentables en Establecimientos Educacionales,FPA Educacionales,unspecified,grant,,,"[""cross_sector""]",sector-specific,explicit,closed,annual,2021-08-05,,direct application (via fondos.gob.cl),index,2026-06-08,https://fondos.mma.gob.cl/iniciativas-sustentables-en-establecimientos-educacionales/,FPA,,,,,,,,,,0,
31,no,cl-mma,Ministerio del Medio Ambiente (MMA),FPA 2022 – Iniciativas Sustentables Ciudadanas,FPA Ciudadanos,unspecified,grant,,,"[""cross_sector""]",sector-specific,explicit,closed,annual,2021-08-05,,direct application (via fondos.gob.cl),index,2026-06-08,https://fondos.mma.gob.cl/iniciativas-sustentables-ciudadanas/,FPA,,,,,,,,,,0,
32,no,cl-mma,Ministerio del Medio Ambiente (MMA),FPA 2021 – Iniciativas Sustentables en Establecimientos Educacionales,FPA Educacionales,unspecified,grant,,,"[""cross_sector""]",sector-specific,explicit,closed,annual,2020-12-15,,direct application (via fondos.gob.cl),index,2026-06-08,https://fondos.mma.gob.cl/iniciativas-sustentables-en-establecimientos-educacionales-2021/,FPA,,,,,,,,,,0,
33,no,cl-mma,Ministerio del Medio Ambiente (MMA),FPA 2021 – Iniciativas Sustentables Fundaciones y Corporaciones,FPA Fundaciones/Corp,community/citizen org,grant,,,"[""cross_sector""]",sector-specific,explicit,closed,sporadic,2020-12-15,,direct application (via fondos.gob.cl),index,2026-06-08,https://fondos.mma.gob.cl/iniciativas-sustentables-fundaciones-y-corporaciones-2021/,FPA,,,,,,,,,,0,
34,no,cl-mma,Ministerio del Medio Ambiente (MMA),FPA 2021 – Áreas Verdes Comunitarias,FPA Areas verdes/Humedales,community/citizen org,grant,,,"[""cross_sector""]",sector-specific,explicit,closed,sporadic,2020-12-15,,direct application (via fondos.gob.cl),index,2026-06-08,https://fondos.mma.gob.cl/iniciativas-sustentables-ciudadanas-4/,FPA,,,,,,,,,,0,
35,no,cl-mma,Ministerio del Medio Ambiente (MMA),FPA 2021 – Conservación de Humedales Urbanos,FPA Areas verdes/Humedales,unspecified,grant,,,"[""afolu""]",sector-specific,explicit,closed,sporadic,2020-12-15,,direct application (via fondos.gob.cl),index,2026-06-08,https://fondos.mma.gob.cl/conservacion-humedales-urbanos-2021/,FPA,,,,,,,,,,0,
36,no,cl-mma,Ministerio del Medio Ambiente (MMA),FPA 2021 – Iniciativas Sustentables para Pueblos Indígenas,FPA Pueblos Indígenas,indigenous community,grant,,,"[""cross_sector""]",sector-specific,explicit,closed,annual,2020-11-25,,direct application (via fondos.gob.cl),index,2026-06-08,https://fondos.mma.gob.cl/iniciativas-sustentables-pueblos-indigenas-fpa2021/,FPA,,,,,,,,,,0,
37,no,cl-mma,Ministerio del Medio Ambiente (MMA),FPA 2021 – Iniciativas Sustentables Ciudadanas,FPA Ciudadanos,unspecified,grant,,,"[""cross_sector""]",sector-specific,explicit,closed,annual,2020-12-15,,direct application (via fondos.gob.cl),index,2026-06-08,https://fondos.mma.gob.cl/iniciativas-sustentables-ciudadanas-2021/,FPA,,,,,,,,,,0,
38,no,cl-mma,Ministerio del Medio Ambiente (MMA),FPA 2021 – 2º Concurso FPA Rapa Nui Sustentable,FPA Rapa Nui,unspecified,grant,,,"[""cross_sector""]",sector-specific,explicit,closed,sporadic,2020-10-21,,direct application (via fondos.gob.cl),index,2026-06-08,https://fondos.mma.gob.cl/2o-concurso-fpa-rapa-nui-sustentable/,FPA,,,,,,,,,,0,
39,no,cl-mma,Ministerio del Medio Ambiente (MMA),FPA 2020 – Iniciativas en Áreas Verdes Comunitarias,FPA Areas verdes/Humedales,community/citizen org,grant,,,"[""cross_sector""]",sector-specific,explicit,closed,sporadic,2019-10-09,,direct application (via fondos.gob.cl),index,2026-06-08,https://fondos.mma.gob.cl/iniciativas-en-areas-verdes-comunitarias/,FPA,,,,,,,,,,0,
40,no,cl-mma,Ministerio del Medio Ambiente (MMA),FPA 2020 – Iniciativas Sustentables en Establecimientos Educacionales,FPA Educacionales,unspecified,grant,,,"[""cross_sector""]",sector-specific,explicit,closed,annual,2019-10-09,,direct application (via fondos.gob.cl),index,2026-06-08,https://fondos.mma.gob.cl/iniciativas-sustentables-en-establecimientos-educacionales-2020/,FPA,,,,,,,,,,0,
41,no,cl-mma,Ministerio del Medio Ambiente (MMA),FPA 2020 – Iniciativas Sustentables Pueblos Indígenas,FPA Pueblos Indígenas,indigenous community,grant,,,"[""cross_sector""]",sector-specific,explicit,closed,annual,2019-10-09,,direct application (via fondos.gob.cl),index,2026-06-08,https://fondos.mma.gob.cl/iniciativas-sustentables-pueblos-indigenas/,FPA,,,,,,,,,,0,
42,no,cl-mma,Ministerio del Medio Ambiente (MMA),FPA 2020 – Iniciativas Sustentables Ciudadanas,FPA Ciudadanos,unspecified,grant,,,"[""cross_sector""]",sector-specific,explicit,closed,annual,2019-10-09,,direct application (via fondos.gob.cl),index,2026-06-08,https://fondos.mma.gob.cl/iniciativas-sustentables-ciudadanas-2020/,FPA,,,,,,,,,,0,
43,no,cl-mma,Ministerio del Medio Ambiente (MMA),FPA 2020 – Conservación Áreas Marinas Protegidas,FPA Areas verdes/Humedales,unspecified,grant,,,"[""afolu""]",sector-specific,explicit,closed,sporadic,2019-08-16,,direct application (via fondos.gob.cl),index,2026-06-08,https://fondos.mma.gob.cl/rapa-nui-sustentable/,FPA,,,,,,,,,,0,
44,no,cl-mma,Ministerio del Medio Ambiente (MMA),FPA 2020 – Educación Ambiental al Aire Libre en la Región Metropolitana,FPA Otros tematicos,unspecified,grant,,,"[""cross_sector""]",sector-specific,explicit,closed,sporadic,2019-08-16,,direct application (via fondos.gob.cl),index,2026-06-08,https://fondos.mma.gob.cl/iniciativas-sustentables-ciudadanas-evaluacion/,FPA,,,,,,,,,,0,
45,no,cl-mma,Ministerio del Medio Ambiente (MMA),FPA 2020 – Rapa Nui Sustentable,FPA Rapa Nui,unspecified,grant,,,"[""cross_sector""]",sector-specific,explicit,closed,sporadic,2019-10-02,,direct application (via fondos.gob.cl),index,2026-06-08,https://fondos.mma.gob.cl/iniciativas-sustentables-ciudadanas-3/,FPA,,,,,,,,,,0,
46,no,cl-mma,Ministerio del Medio Ambiente (MMA),FPR 2025 – Fondo para el Reciclaje 2025,FPR Reciclaje,municipality,grant,,,"[""waste""]",sector-specific,explicit,closed,annual,2024-10-16,,direct application (via fondos.gob.cl),index,2026-06-08,https://fondos.mma.gob.cl/fpr-2025-fondo-para-el-reciclaje-2025/,FPR,,,,,,,,,,0,
47,no,cl-mma,Ministerio del Medio Ambiente (MMA),FPR 2024 – Fondo para el Reciclaje 2024,FPR Reciclaje,municipality,grant,,,"[""waste""]",sector-specific,explicit,closed,annual,2023-09-05,,direct application (via fondos.gob.cl),index,2026-06-08,https://fondos.mma.gob.cl/fondo-para-el-reciclaje-2024/,FPR,,,,,,,,,,0,
48,no,cl-mma,Ministerio del Medio Ambiente (MMA),FPR 2023 – Fondo para el Reciclaje,FPR Reciclaje,municipality,grant,,,"[""waste""]",sector-specific,explicit,closed,annual,2022-09-23,,direct application (via fondos.gob.cl),index,2026-06-08,https://fondos.mma.gob.cl/fpr-2023-fondo-para-el-reciclaje/,FPR,,,,,,,,,,0,
49,no,cl-mma,Ministerio del Medio Ambiente (MMA),FPR 2022 Exequiel Estay – Recicladores de Base,FPR Reciclaje,municipality,grant,,,"[""waste""]",sector-specific,explicit,closed,annual,2021-08-17,,direct application (via fondos.gob.cl),index,2026-06-08,https://fondos.mma.gob.cl/fpr-2022-exequiel-estay-recicladores-de-base/,FPR,,,,,,,,,,0,
50,no,cl-mma,Ministerio del Medio Ambiente (MMA),FPR 2021 Exequiel Estay – Recicladores de Base,FPR Reciclaje,municipality,grant,,,"[""waste""]",sector-specific,explicit,closed,annual,2020-11-25,,direct application (via fondos.gob.cl),index,2026-06-08,https://fondos.mma.gob.cl/fondo-para-el-reciclaje-2021-exequiel-estay-recicladores-de-base/,FPR,,,,,,,,,,0,
51,no,cl-mma,Ministerio del Medio Ambiente (MMA),FPR 2020 – Promoviendo la economía circular en municipios a través del reciclaje,FPR Reciclaje,municipality,grant,,,"[""waste""]",sector-specific,explicit,closed,annual,2020-06-05,,direct application (via fondos.gob.cl),index,2026-06-08,https://fondos.mma.gob.cl/promoviendo-la-economia-circular-en-municipios-a-traves-del-reciclaje/,FPR,,,,,,,,,,0,
52,no,cl-mma,Ministerio del Medio Ambiente (MMA),FPR 2020 Exequiel Estay – Recicladores de Base,FPR Reciclaje,municipality,grant,,,"[""waste""]",sector-specific,explicit,closed,annual,2020-06-05,,direct application (via fondos.gob.cl),index,2026-06-08,https://fondos.mma.gob.cl/fondo-para-el-reciclaje-exequiel-estay-recicladores-de-base/,FPR,,,,,,,,,,0,
53,no,cl-mma,Ministerio del Medio Ambiente (MMA),FPR 2020 – Fondo para el Reciclaje Chiloé 2020,FPR Reciclaje,municipality,grant,,,"[""waste""]",sector-specific,explicit,closed,annual,2020-06-02,,direct application (via fondos.gob.cl),index,2026-06-08,https://fondos.mma.gob.cl/fondo-para-el-reciclaje-chiloe-2020/,FPR,,,,,,,,,,0,
54,no,cl-mma,Ministerio del Medio Ambiente (MMA),"Recambio de Calefactores (programa permanente, comunas con PDA)",Recambio Calefactores,household,subsidy,,,"[""cross_sector""]",sector-specific,explicit,closed,"ongoing (rolling, per-comuna PDA)",,,direct application (via fondos.gob.cl),index,2026-06-08,https://fondos.mma.gob.cl/recambio-de-calefactores/,PROG,,,,,,,,,,0,
55,yes,cl-minenergia,"Ministerio de Energía / Agencia de Sostenibilidad Energética (AgenciaSE, fundación de derecho privado)",Comuna Energética,Comuna Energética,municipality,technical_assistance + grant (co-financing),,co-financing via concursable windows; amount varies,"[""stationary_energy""]",sector-specific,explicit,ongoing,ongoing (rolling adhesion; periodic concursable windows),,,municipality applies/adheres,detailed,2026-06-08,https://www.comunaenergetica.cl/sobre-comuna-energetica/,"Municipal energy management programme: supports Estrategia Energética Local + Sello + co-financing of community energy projects. 141 comunas adhered, 123 EELs (page).",ok,"no single figure — technical + financial support via co-financing, fondos concursables, ESCOs, leasing, green credits",municipality (enrolled comuna),Improve municipal energy management; municipalities build a Local Energy Strategy (EEL) and implement projects in renewables + efficiency; awards the 'Sello Comuna Energética'.,,,,Ministerio de Energía + Agencia de Sostenibilidad Energética (AgenciaSE),"status_scale: 141 comunas adhered; 123 EELs; 50+ projects implemented | how_to_apply: comuna enrolls in the programme; technical accompaniment + access to co-financing instruments | integrates_with: SCAM/AVAC (MMA), PDA (MMA), CEV (MINVU), PER (MEN)",3,Agenda de Energía 2022-2026 -> https://energia.gob.cl/sites/default/files/documentos/agenda_energia_2022_-_2026.pdf ;; Biblioteca / Recursos (programme library) -> https://www.comunaenergetica.cl/biblioteca/ ;; Comunas adheridas (list) -> https://www.comunaenergetica.cl/comunas/
56,no,cl-minenergia,"Ministerio de Energía / Agencia de Sostenibilidad Energética (AgenciaSE, fundación de derecho privado)",Asistencia Técnica para Municipios en Gestión Energética Local,Asistencia Técnica para Municipios en Gestión Energética Local,municipality,technical_assistance,,in-kind technical assistance (no cash grant),"[""stationary_energy""]",sector-specific,explicit,ongoing,ongoing (programme),,,municipality applies,index,2026-06-08,https://www.agenciase.org/category/desarrollo-y-vinculacion-territorial/asistencia-tecnica-para-municipios-en-gestion-energetica-local/,"Technical assistance to municipalities for local energy management; enabling, not a cash fund.",,,,,,,,,,0,
57,no,cl-minenergia,"Ministerio de Energía / Agencia de Sostenibilidad Energética (AgenciaSE, fundación de derecho privado)",Parque Solar Comunitario,Parque Solar Comunitario,municipality + community (joint ownership),blended (designed/co-financed PV),,ministry-designed distributed generation; benefit = bill discounts,"[""stationary_energy""]",sector-specific,explicit,"in rollout (design phase, 59 comunas)","ongoing (programme rollout, not an annual concurso)",,,via municipality (ministry rollout),index,2026-06-08,https://energia.gob.cl/noticias/nacional/parque-solar-comunitario-ministerio-de-energia-disenara-proyectos-fotovoltaicos-en-59-comunas-de-todo-chile,"Community-owned PV developed through municipalities; 59 comunas in design (earlier MMA/energia reporting). Access pathway is a rollout, not open application.",,,,,,,,,,0,
58,no,cl-minenergia,"Ministerio de Energía / Agencia de Sostenibilidad Energética (AgenciaSE, fundación de derecho privado)",Casa Solar,Casa Solar,household (municipally facilitated),blended (subsidy + aggregated purchase),,co-financing up to ~50% of rooftop PV + ~30% aggregate-purchase discount,"[""stationary_energy""]",sector-specific,explicit,open (rolling in enrolled comunas),"ongoing (rolling, per-comuna enrolment)",,,facilitated-by-city (comuna must be enrolled),detailed,2026-06-08,https://www.casasolar.cl/,Households in enrolled comunas co-finance rooftop PV; municipality's role is enrolment/organising (19 comunas reported open).,,,,,,,,,,0,
59,yes,cl-minenergia,"Ministerio de Energía / Agencia de Sostenibilidad Energética (AgenciaSE, fundación de derecho privado)",Fondo de Acceso a la Energía (FAE),Fondo de Acceso a la Energía (FAE),community/citizen org (rol público comunitario >5 yrs; not municipalities directly),grant,,"PV up to 10 kWp; solar thermal up to 1,500 L accumulation","[""stationary_energy""]",sector-specific,explicit,closed,sporadic (created 2014 as pilot; last call closed 20 Jul 2024),,,direct application (via fondos.gob.cl),detailed,2026-06-08,https://www.chileatiende.gob.cl/fichas/36666-fondo-de-acceso-a-la-energia-fae,"Energy access for rural/isolated/vulnerable community infrastructure. Eligible = indigenous communities, juntas de vecinos, NGOs, bomberos. Last postulación finished 2024-07-20 (ChileAtiende).",ok,,"community-role legal persons (>5 yrs): indigenous communities (Ley 19.253), juntas de vecinos (Ley 19.418), non-profits (Ley 20.500), fire brigades (Ley 20.564). NOT municipalities.",Facilitate electricity access in rural/isolated/vulnerable areas via small-scale renewable systems.,dormant — last call closed 2024-07-20,,,Ministerio de Energía,"financiable: PV generation up to 10 kWp (±battery); solar thermal up to 1,500 L hot-water accumulation | how_to_apply: via Fondos Concursables del Estado (fondos.gob.cl)",2,FAE ficha (PDF) -> https://www.chileatiende.gob.cl/fichas/36666/1/pdf ;; Min. Energía trámite info -> https://atencionciudadana.minenergia.cl/tramites/informacion/42
60,yes,cl-minenergia,"Ministerio de Energía / Agencia de Sostenibilidad Energética (AgenciaSE, fundación de derecho privado)",Mejor Escuela (energías renovables / acond. térmico escuelas),Mejor Escuela (energías renovables / acond. térmico escuelas),school sostenedor (often municipal),grant/works,,energy/thermal upgrades to schools; amount per call,"[""stationary_energy"", ""buildings""]",sector-specific,explicit,periodic (see AgenciaSE convocatorias),sporadic/periodic,,,sostenedor applies (municipal schools eligible),index,2026-06-08,https://www.mejorescuela.cl/,School energy-efficiency / renewables / thermal-conditioning programme; municipal school sostenedores eligible. Verify current call on AgenciaSE convocatorias.,ok,,school sostenedor (often municipal),Design + implement thermal-conditioning / energy-improvement conservation projects in public schools (goal: 100 schools).,ongoing (per convocatoria); registries open for electrical/technical consultants & contractors,,,Ministerio de Energía + AgenciaSE,,3,Guía Mejor Escuela (Abril 2026) -> https://www.mejorescuela.cl/wp-content/uploads/2026/04/Mejor-Escuela-Abril-2026.pdf ;; Convocatorias -> https://www.mejorescuela.cl/convocatorias/ ;; Colegios beneficiados -> https://www.mejorescuela.cl/colegios-beneficiados/
61,yes,cl-subdere,SUBDERE (Subsecretaría de Desarrollo Regional y Administrativo),Programa de Mejoramiento Urbano y Equipamiento Comunal (PMU),Programa de Mejoramiento Urbano y Equipamiento Comunal (PMU),municipality,grant (capital transfer),,"per-project, budget-dependent (no fixed ceiling on the program page)","[""cross_sector""]",broad,adjacent,open (continuous),"ongoing (rolling, all year)",,,municipality applies (subdereenlinea.gov.cl),detailed,2026-06-08,https://www.subdere.gov.cl/programas/divisi%C3%B3n-municipalidades/programa-mejoramiento-urbano-y-equipamiento-comunal-pmu,Equalises urban development; funds construction/repair of community infrastructure & equipment. FLAG broad fund: over-matches in scoring; include but down-weight.,ok,,municipalities and municipal associations,"Equalise urban development; fund construction/repair/improvement of local infrastructure & community equipment (toilets, social HQs, sports courts, pavement, public lighting, retaining walls, green areas, municipal buildings, generators, water capture).",Active,,,SUBDERE (Subsecretaría de Desarrollo Regional),"instrument: capital transfer; rolling/continuous all year (no limit on number of initiatives), subject to budget | how_to_apply: via www.subderenelinea.cl",3,Guía Operativa 2023 PMU -> https://www.subdere.gov.cl/documentacion/gu%C3%AD-operativa-para-el-programa-de-mejoramiento-urbano-y-equipamiento-comunal ;; Manual de alumbrado público -> https://www.subdere.gov.cl/content/manual-de-alumbrado-p%C3%BAblico-0 ;; Manual de vallas (vía pública) 2024 -> https://www.subdere.gov.cl/content/manual-de-vallas-v%C3%ADa-p%C3%BAblica-2024
62,yes,cl-subdere,SUBDERE,Programa de Mejoramiento de Barrios (PMB),Programa de Mejoramiento de Barrios (PMB),municipality + municipal associations,grant (capital transfer),,"per-project, budget-dependent","[""water"", ""waste"", ""stationary_energy""]",broad,adjacent,open (continuous),"ongoing (rolling, budget-dependent)",,,municipality applies (subdereenlinea.gov.cl),detailed,2026-06-08,https://www.subdere.gov.cl/programas/divisi%C3%B3n-municipalidades/programa-mejoramiento-de-barrios-pmb,"Sanitation/solid-waste/electrification/heritage for low-income areas; per Ley de Presupuestos can fund waste valorization & management models, energization, rural connectivity. Water/waste relevance.",ok,,municipalities and municipal associations,"Sanitation solutions for families in sanitary marginality (drinking water, sewerage); per budget glosa can also fund energization, rural connectivity/telecoms, waste valorization, heritage.",Active,,,SUBDERE,instrument: capital transfer; annual | legal_basis: Ley 18.138/1982; Decreto 829/1998,2,Manual del Usuario PMB Online -> https://www.subdere.gov.cl/documentacion/manual-del-usuario-del-programa-de-mejoramiento-de-barrios-line ;; Manual de alumbrado público -> https://www.subdere.gov.cl/content/manual-de-alumbrado-p%C3%BAblico
63,no,cl-subdere,SUBDERE,Programa de Prevención y Mitigación de Riesgos (PMR),Programa de Prevención y Mitigación de Riesgos (PMR),municipality,grant,,"per-project, budget-dependent","[""cross_sector""]",sector-specific,explicit,periodic (see SUBDERE),ongoing (programme),,,municipality applies,index,2026-06-08,https://www.subdere.gov.cl/programas,Risk prevention & mitigation works — climate-adaptation relevant. Confirm current call/amounts on SUBDERE site (site was slow at capture).,,,,,,,,,,0,
64,no,cl-subdere,SUBDERE,Fondo de Recuperación de Ciudades (FRC),Fondo de Recuperación de Ciudades (FRC),municipality / regional,grant,,per-project,"[""cross_sector""]",broad,adjacent,periodic (see SUBDERE),ongoing/periodic,,,municipality/region,index,2026-06-08,https://www.subdere.gov.cl/programas,Urban recovery fund; broad. Lower direct climate relevance; included for completeness.,,,,,,,,,,0,
65,yes,cl-minvu,MINVU (Ministerio de Vivienda y Urbanismo),Programa Concursable de Espacios Públicos,Programa Concursable de Espacios Públicos,municipality (alcalde presents; community/SEREMI may originate),grant,,"Llamado Regular up to UF 30,000 (design+execution); Llamado Especial up to UF 6,000","[""afolu"", ""cross_sector""]",sector-specific,explicit,periodic (annual),annual (Regular call ~April; Especial ~September),,,municipality applies to SEREMI MINVU,detailed,2026-06-08,https://www.minvu.gob.cl/beneficio/ciudad/programa-concursable-de-espacios-publicos/,"Recovers deteriorated public space; funds green areas, rainwater solutions, lighting, pavement, furniture. Governed by DS 312/2016 + Resolución Exenta per call. Page last shows 2023-2024 call (page lag); cadence is annual.",ok,"Llamado Regular: works up to UF 30,000 (design fully financed by MINVU sectoral budget); Llamado Especial: finished-design works up to UF 6,000",municipality (alcalde presents; community or SEREMI MINVU may originate; mixed applications allowed),"Recover deteriorated public space in consolidated urban areas (pavement, lighting, urban furniture, play areas, green areas, stormwater).",,,,Ministerio de Vivienda y Urbanismo (MINVU),how_to_apply: SEREMI MINVU per-region calls via Resolución Exenta; municipality applies | plazos: Regular: apply during April; Especial: during September,5,Ord. N°187 Regular -> https://www.minvu.gob.cl/wp-content/uploads/2019/05/Ord.N°187_Regular.pdf ;; Ord. N°188 Especial -> https://www.minvu.gob.cl/wp-content/uploads/2019/05/Ord.N°188_Especial.pdf ;; DS 312 (2016) — reglamento -> https://www.minvu.gob.cl/wp-content/uploads/2019/05/DS-312.pdf ;; RES EX 1596 — procedimiento Espacios Públicos -> https://www.minvu.gob.cl/wp-content/uploads/2019/05/160430-RES_-EX_-1596_Fija-Procedimiento-Espacios-Públicos_ACT-30-04-2016.pdf ;; Guía La Dimensión Humana en el Espacio Público -> https://www.minvu.gob.cl/wp-content/uploads/2019/08/La-dimension-humana.pdf
66,yes,cl-minvu,MINVU,Parques Urbanos (construcción y conservación),Parques Urbanos (construcción y conservación),municipality (SEREMI prioritises construction),grant/works,,"per-park; SEREMI-prioritised by green-area deficit, population, vulnerability","[""afolu""]",sector-specific,explicit,periodic,ongoing (construction prioritised) + conservation programme,,,SEREMI prioritisation; newer conservation line is competitive,index,2026-06-08,https://www.minvu.gob.cl/beneficio/ciudad/parques-urbanos/,"Construction + conservation of urban parks; National Urban Parks Policy names 'environment, resilience and climate change' as an axis. Construction not openly competitive (SEREMI-prioritised); confirm conservation call mechanics.",ok,,municipality (SEREMI prioritises construction; municipality applies to conservation calls),"Build new + conserve existing sustainable urban parks (ecosystem services, climate adaptation, biodiversity).",ongoing (construction prioritised) + competitive conservation programme,,,MINVU (SERVIU / Parquemet in RM),"selection_criteria: green-area deficit, beneficiary population, vulnerability",4,DS 112/2014 — Prog. Conservación Parques Urbanos -> https://www.minvu.gob.cl/wp-content/uploads/2020/05/DS112-Aprueba-Prog.-de-Conserv.-de-P.-Urbanos.pdf ;; Resolución 10278/2017 (mod. 1449/2020) -> https://www.minvu.gob.cl/wp-content/uploads/2020/05/Res_10278_2017_Res_1449_2020.pdf ;; Decreto Política Nacional de Parques Urbanos -> https://www.minvu.gob.cl/wp-content/uploads/2020/05/Decreto-de-la-Política-Nacional-de-Parques-Urbanos.pdf ;; HESPU — Manual de evaluación de indicadores -> https://www.minvu.gob.cl/wp-content/uploads/2020/05/MANUAL-V5.pdf
67,yes,cl-minvu,MINVU,Pavimentación Participativa,Pavimentación Participativa,municipality + comités de pavimentación,grant (co-financed),,co-financed (municipality + neighbours + MINVU); per call,"[""cross_sector""]",broad,indirect,periodic (annual),annual,,,municipality + community committee,index,2026-06-08,https://www.minvu.gob.cl/beneficios/pavimentos_participativos/,"Annual paving programme; mainly mobility/urban, weak direct climate relevance. Included for completeness.",ok,,municipality + comités de pavimentación (community co-financing),"Pave/repave streets, passages and sidewalks via community participation.",annual call (Llamado N°32/33),,,MINVU / SERVIU,legal_basis: D.S. N°114,1,"Programa Pavimentación Participativa (detail + Manual, Plan de Obras, afiche) -> https://www.minvu.gob.cl/beneficio/ciudad/programa-de-pavimentacion-participativa-d-s-n114/"
68,yes,cl-minvu,MINVU,Programa de Recuperación de Barrios (Quiero Mi Barrio),Programa de Recuperación de Barrios (Quiero Mi Barrio),municipality (with community),grant/works,,per-neighbourhood programme,"[""cross_sector""]",broad,adjacent,periodic,ongoing (programme),,,MINVU/SERVIU with municipality,index,2026-06-08,https://www.minvu.gob.cl/beneficios/recuperacion_de_barrios/,Neighbourhood recovery incl. public-space and green works; adjacent climate relevance via green/공간 upgrades.,ok,,municipality (with community),Improve quality of life through participatory community activation and recovery of public/common space in neighbourhoods.,ongoing programme,,,MINVU,,1,Programa de Recuperación de Barrios (detail) -> https://www.minvu.gob.cl/beneficio/ciudad/programa-de-recuperacion-de-barrios/
69,yes,cl-gore,Gobiernos Regionales (16) + SUBDERE / Min. Interior,FNDR — Inversión Regional (Glosa 03 / SNI),FNDR — Inversión Regional (Glosa 03 / SNI),municipality / regional government / public services (projects via SNI-BIP),grant (public investment / capital transfer),,"large regional investment projects; per-project, requires SNI 'Recomendación Satisfactoria (RS)'","[""cross_sector""]",broad,adjacent,ongoing (annual budget cycle),ongoing (annual budget),,,project submitted via GORE / SNI,detailed,2026-06-08,https://www.subdere.gov.cl/content/glosa-03-provisi%C3%B3n-fondo-nacional-de-desarrollo-regional-fndr,Regional tier. The main regional investment channel (created 1974). Broad: down-weight in scoring (capped at Moderate).,ok,,municipality / regional government / public services,Main regional public-investment fund; projects submitted via GORE / SNI-BIP (need 'RS' admissibility).,,,,"Gobierno Regional (GORE), via SNI/BIP; SUBDERE reporting",note: This page = Glosa 03 quarterly EXECUTION reports (who/what got funded) — a revealed-outcomes source. Plus annual budget-execution dashboards per region 2023-2026.,3,FNDR budget execution by region (2026) -> https://www.subdere.gov.cl/documentacion_fndr/2026 ;; FNDR budget execution by region (2025) -> https://www.subdere.gov.cl/documentacion_fndr/2025 ;; Glosa 03 FNDR adjudicated projects (sample xlsx/pdf) -> https://www.subdere.gov.cl/content/glosa-03-provisi%C3%B3n-fondo-nacional-de-desarrollo-regional-fndr
70,yes,cl-gore,Gobiernos Regionales,FRIL — Fondo Regional de Iniciativa Local,FRIL — Fondo Regional de Iniciativa Local,municipality,grant (capital transfer),,"minor communal infrastructure, total project cost <= M$180,000 (~CLP 180,000,000)","[""cross_sector""]",broad,adjacent,periodic (per region),"ongoing (annual, per GORE)",,,municipality applies to its GORE,detailed,2026-06-08,https://www.gobiernosantiago.cl/fndr/,Regional tier. Municipal small-works fund; very city-accessible but broad (capped at Moderate).,js_shell_no_content,,,,,,,Gobierno Regional (GORE),"note: GORE portal is JS-rendered (empty shell to non-JS fetch). FRIL funds small local infrastructure ≤ ~5,000 UTM; municipality applies to its GORE. Render with Chrome to read live calls.",1,GORE Santiago FNDR/FRIL (JS page) -> https://www.gobiernosantiago.cl/fndr/
71,yes,cl-gore,Gobiernos Regionales,FNDR 8% — Subvención a actividades (línea Medio Ambiente y educación ambiental),FNDR 8% — Subvención a actividades (línea Medio Ambiente y educación ambiental),non-profit organisations (legal status >=2 yrs; NOT municipalities),grant (activity subsidy),,"up to ~CLP 30,000,000; max 2 projects per org; activities up to 6 months (Jul-Dec 2026)","[""afolu"", ""cross_sector""]",sector-specific,explicit,periodic (annual; 2026 calls ran early 2026),annual,,,NGO applies to GORE (via fondos.gob.cl),detailed,2026-06-08,https://www.goremaule.cl/goremauleVII/fndr-8-ano-2026/,"Regional tier. Structured nationally by Ley de Presupuestos glosa 07; same line across GOREs. Actor = NGOs, not the municipality; activities not infrastructure.",js_shell_no_content,,,,,,,Gobierno Regional (GORE),note: GORE portal JS-rendered (empty shell). FNDR 8% funds activities incl. an environment/medio-ambiente line; eligible actors incl. NGOs/non-profits (NOT municipalities for some lines). Per-region annual call. Render with Chrome.,1,GORE Maule FNDR 8% 2026 (JS page) -> https://www.goremaule.cl/goremauleVII/fndr-8-ano-2026/
72,no,cl-gore,Gobiernos Regionales,FRPD — Fondo Regional para la Productividad y el Desarrollo,FRPD — Fondo Regional para la Productividad y el Desarrollo,legal persons / firms / institutions (productive investment; varies by region),grant / co-financing (productive investment),,"per-region; e.g. up to ~CLP 300,000,000 (Arica y Parinacota 2026)","[""cross_sector""]",broad,adjacent,periodic (per region),ongoing/periodic,,,GORE call (via fondos.gob.cl),index,2026-06-08,https://fondos.gob.cl/ficha/gorearica/frpd2026arica/,Regional tier. Productivity/investment fund; climate relevance depends on the funded project. Confirm per-region call.,,,,,,,,,,0,
73,yes,cl-corfo,Corporación de Fomento de la Producción (CORFO),Crédito Verde,Crédito Verde,private firm (any size; no annual-sales cap),loan (intermediated via banks / leasing),,"up to US$30M per firm, term up to 20 years; CORFO funds the financial institution, not the firm directly","[""stationary_energy"", ""industry"", ""waste""]",sector-specific,explicit,ongoing,ongoing,,,intermediated (apply through a participating bank / leasing co.),detailed,2026-06-08,https://www.corfo.cl/sites/cpp/convocatorias/movil/credito_verde,"Fills the debt-instrument gap. Firm actor, not municipality. US$83M+ placed in 2024.",js_shell_no_content,,,,,,,CORFO,"note: Page is JS-rendered — returns an empty shell to a non-JS fetch. Detail per source review: loan up to ~US$30M, ~20-yr term, intermediated via banks/leasing, for firms' ERNC/efficiency/circular-economy/green-H2. Licence CC BY-NC-ND 3.0. Use Chrome/headless render to extract live terms.",1,"Crédito Verde (CORFO, JS page — render to read) -> https://www.corfo.cl/sites/cpp/convocatorias/movil/credito_verde"
74,no,cl-corfo,Corporación de Fomento de la Producción (CORFO),Programa Expande,Programa Expande,private firm / growth-stage venture,co-financing (grant) + technical accompaniment,,"per call; 2026 convocatoria prioritised >=10 projects in decarbonisation, green H2, clean energy, CO2 capture","[""stationary_energy"", ""industry""]",sector-specific,explicit,open (2026 convocatoria),annual,,,direct application via a sponsoring entity (entidad patrocinadora),detailed,2026-06-08,https://www.corfo.cl/sites/cpp/programasyconvocatorias,Growth-stage clean-tech / decarbonisation co-financing.,,,,,,,,,,0,
75,no,cl-corfo,Corporación de Fomento de la Producción (CORFO),Garantías / Coberturas CORFO (e.g. FOGAIN),Garantías / Coberturas CORFO (e.g. FOGAIN),private firm / SME,guarantee (credit risk coverage),,covers a share of the collateral a firm lacks for a bank loan (incl. green projects),"[""cross_sector""]",broad,adjacent,ongoing,ongoing,,,intermediated (via participating banks),detailed,2026-06-08,https://www.corfo.cl/sites/cpp/programasyconvocatorias,Guarantee instrument; broad (any firm credit). Down-weight in scoring.,,,,,,,,,,0,
76,no,cl-corfo,Corporación de Fomento de la Producción (CORFO),Financiamiento Hidrógeno Verde (facilidades / Fondo H2V),Financiamiento Hidrógeno Verde (facilidades / Fondo H2V),green-hydrogen project developers / firms,blended / concessional loan,,"large; backed by a ~US$1,000M green-hydrogen fund (with EIB/KfW); facilities phased in","[""stationary_energy"", ""industry""]",sector-specific,explicit,emerging (facilities opening in phases),sporadic (programme rollout),,,direct / intermediated (project finance),index,2026-06-08,https://corfo.cl/sites/cpp/sala_de_prensa/nacional/19_06_2023_fondo_hidrogeno_verde,Green-hydrogen project finance; multilateral-backed (EIB/KfW). Confirm current facility terms.,,,,,,,,,,0,
77,no,cl-corfo,Corporación de Fomento de la Producción (CORFO),Innova Chile — I+D e innovación (clean-tech),Innova Chile — I+D e innovación (clean-tech),private firm / entrepreneur,grant / co-financing (innovation),,"per call; innovation & R&D co-financing, includes clean-tech / sustainability lines","[""cross_sector"", ""industry""]",broad,adjacent,periodic,ongoing/periodic,,,direct application,index,2026-06-08,https://www.corfo.cl/sites/cpp/programasyconvocatorias,Innovation/R&D co-financing; broad. Climate-relevant only for clean-tech projects.,,,,,,,,,,0,
